[
  {
    "id": "ff7ac3cd-663e-41f1-921e-27fcf20571d6",
    "data": [
      {
        "text": "silver",
        "meta": "@category",
        "alias": "category",
        "userDefined": false
      }
    ],
    "isTemplate": false,
    "count": 0,
    "lang": "en",
    "updated": 0
  },
  {
    "id": "919f17db-efff-416f-97a0-df93fc3e5049",
    "data": [
      {
        "text": "GOLD",
        "meta": "@category",
        "alias": "category",
        "userDefined": false
      }
    ],
    "isTemplate": false,
    "count": 0,
    "lang": "en",
    "updated": 0
  }
]